"TOA5","54124","CR1000","54124","CR1000.Std.25","CPU:JER_Site4_program_20170406.cr1","14814","Table1","","","","","","","","","","",""
"TIMESTAMP","RECORD","Rain_mm_Tot","T107_2M_Avg","T107_5M_Avg","Albedo_Avg","CM3Up_Avg","CM3Dn_Avg","CG3UpCo_Avg","CG3DnCo_Avg","Sensit_Tot","SenSec","WS_ms_4.8m_Max","WindDir_D1_WVT","WS_ms_4.8m_Avg","WS_ms_2.4m_Avg","WS_ms_1.4m_Avg","WS_ms_0.7m_Avg","WS_ms_2.4m_Std"
"TS","RN","mm","Deg C","Deg C","W/m^2","W/m^2","W/m^2","W/m^2","W/m^2","Counts/Hz","","meters/second","meters/second","meters/second","meters/second","meters/second","meters/second","meters/second"
NA,"","Tot","Avg","Avg","Avg","Avg","Avg","Avg","Avg","Tot","Smp","Max","WVc","Avg","Avg","Avg","Avg","Std"
"2017-04-25 12:00:00","27324","0","22.96","22.54","0.3229234","467.9","150.9","NaN","484.3","1","1","14.45","251.3","10.71","8.97","8.14","7.412","1.818"
"2017-04-25 12:01:00","27325","0","22.96","22.5","0.3224425","457.3","147.4","NaN","484.8","0","0","11.45","256.7","9.32","7.7","6.937","6.275","0.987"
"2017-04-25 12:02:00","27326","0","22.82","22.36","0.3253763","394.9","128.5","NaN","483.3","0","0","8.45","239.6","6.812","5.787","5.287","4.887","0.982"
"2017-04-25 12:03:00","27327","0","22.91","22.44","0.3257118","675.8","219.8","NaN","489.4","0","0","9.95","231.6","7.35","6.45","5.887","5.525","1.51"
"2017-04-25 12:04:00","27328","0","22.94","22.51","0.3247485","1096","356","NaN","510","0","0","10.7","229.7","8.19","7.15","6.387","5.887","0.917"
"2017-04-25 12:05:00","27329","0","23.49","22.96","0.3235758","1079","349.2","NaN","521.6","0","0","9.95","252.8","7.775","6.475","6.025","5.562","0.968"
"2017-04-25 12:06:00","27330","0","23.3","22.62","0.3215431","810","261.4","NaN","515.2","0","0","9.2","243.7","7.425","6.287","5.675","5.212","0.94"
"2017-04-25 12:07:00","27331","0","23.27","22.69","0.3215631","495.9","159.2","NaN","509.5","0","0","8.45","250.7","6.15","5.3","4.762","4.35","0.875"
"2017-04-25 12:08:00","27332","0","23.6","23.07","0.3227999","562","181.5","NaN","502.3","0","0","13.7","250.8","8.42","7.112","6.437","5.975","1.903"
"2017-04-25 12:09:00","27333","0","23.97","23.5","0.3216328","876","282.4","NaN","510.6","7","2","15.2","253.7","12.49","10.87","9.72","8.72","1.545"
"2017-04-25 12:10:00","27334","0","23.81","23.19","0.323795","532","171.9","NaN","501.1","0","0","14.45","271.5","11.27","9.67","8.87","7.762","1.416"
"2017-04-25 12:11:00","27335","0","23.55","23.09","0.3240512","381","123.4","NaN","493","0","0","10.7","261.9","7.987","6.85","6.225","5.525","1.446"
"2017-04-25 12:12:00","27336","0","23.6","23.08","0.3233832","413.1","133.5","NaN","491.7","0","0","11.45","267","8.29","7.137","6.537","5.787","1.434"
"2017-04-25 12:13:00","27337","0","23.45","23","0.3252711","368.5","119.9","NaN","488.7","0","0","10.7","272.5","7.737","6.65","6.112","5.625","1.495"
"2017-04-25 12:14:00","27338","0","23.57","23.18","0.3235982","504.3","163","NaN","488.3","0","0","16.7","277.2","10.25","8.77","8.06","7.062","2.132"
"2017-04-25 12:15:00","27339","0","23.58","23.2","0.3221718","434.3","139.8","NaN","485.7","2","2","17.45","269.1","11.54","9.82","9.06","7.962","2.85"
"2017-04-25 12:16:00","27340","0","23.78","23.32","0.3270437","359.7","117.6","NaN","484.9","0","0","10.7","261.4","8.12","6.812","6.15","5.612","1.478"
"2017-04-25 12:17:00","27341","0","23.67","23.26","0.3244118","419.9","136","NaN","486.4","0","0","10.7","241","8.26","7.137","6.275","5.787","1.23"
"2017-04-25 12:18:00","27342","0","23.29","22.81","0.3275286","363","118.9","NaN","480.4","0","0","13.7","240.9","10.36","8.91","8.01","7.35","1.525"
"2017-04-25 12:19:00","27343","0","23.03","22.64","0.3236076","507","163.8","NaN","482.1","2","2","15.2","241.6","11.56","10.05","9","8.22","1.793"
"2017-04-25 12:20:00","27344","0","22.91","22.49","0.3243","389.2","126.1","NaN","480.4","0","0","12.95","236.7","10.54","9.27","8.3","7.675","1.183"
"2017-04-25 12:21:00","27345","0","23.02","22.7","0.323689","392.8","127.1","NaN","480.7","0","0","11.45","248.5","8.33","7.112","6.462","6.05","1.475"
"2017-04-25 12:22:00","27346","0","23.21","22.87","0.3221396","470.6","151.5","NaN","485","0","0","10.7","256.5","7.525","6.337","5.662","5.112","1.166"
"2017-04-25 12:23:00","27347","0","23.35","22.95","0.327492","371.9","121.8","NaN","481.8","0","0","11.45","245.3","8.7","7.225","6.575","6.075","1.137"
"2017-04-25 12:24:00","27348","0","23.18","22.72","0.3275704","349.2","114.4","NaN","478.7","0","0","11.45","233.6","7.862","6.612","5.887","5.487","1.372"
"2017-04-25 12:25:00","27349","0","23.34","23","0.3277213","337.1","110.5","NaN","480.2","0","0","8.45","255.1","5.45","4.862","4.512","4.138","1.377"
"2017-04-25 12:26:00","27350","0","23.66","23.34","0.3305816","328.5","108.6","NaN","479.7","0","0","12.95","234.7","7.212","6.387","5.737","5.237","2.421"
"2017-04-25 12:27:00","27351","0","23.42","22.99","0.3328092","319.8","106.4","NaN","475.5","0","0","11.45","243.2","9.16","7.65","6.812","6.2","1.005"
"2017-04-25 12:28:00","27352","0","23.35","22.93","0.334681","310.2","103.8","NaN","473.2","0","0","14.45","259.1","10.98","9.21","8.35","7.487","1.546"
"2017-04-25 12:29:00","27353","0","23.16","22.77","0.3345333","300.6","100.6","NaN","471.8","0","0","14.45","259.6","8.69","7.275","6.562","5.925","2.123"
"2017-04-25 12:30:00","27354","0","23.24","22.94","0.3346702","287.1","96.1","NaN","471","0","0","12.95","257","10.21","8.5","7.737","7.112","1.474"
"2017-04-25 12:31:00","27355","0","23.46","23.15","0.3357476","277.6","93.2","NaN","469.6","0","0","12.95","253.5","9.81","8.31","7.462","6.8","1.522"
"2017-04-25 12:32:00","27356","0","23.34","22.99","0.3351849","271.9","91.1","NaN","468.1","0","0","12.2","243.5","9.55","8","7","6.312","1.249"
"2017-04-25 12:33:00","27357","0","23.29","23","0.3346142","272.3","91.1","NaN","467.3","0","0","15.2","256.7","11.1","9.35","8.66","8.04","2.085"
"2017-04-25 12:34:00","27358","0","23.23","22.93","0.3340949","278.4","93","NaN","465.1","8","7","16.7","258.3","12.66","10.32","9.22","8.4","1.968"
"2017-04-25 12:35:00","27359","0","23.15","22.84","0.3311878","287.2","95.1","NaN","465.8","0","0","12.95","252.9","10.15","8.54","7.575","6.7","1.507"
"2017-04-25 12:36:00","27360","0","23.23","22.94","0.3307429","294.6","97.4","NaN","466.1","0","0","12.2","250.1","8.51","7.075","6.325","5.812","1.501"
"2017-04-25 12:37:00","27361","0","23.28","22.94","0.33039","299","98.8","NaN","466","0","0","13.7","255.4","10.35","8.36","7.462","6.687","1.531"
"2017-04-25 12:38:00","27362","0","23.05","22.74","0.3262362","351.4","114.4","NaN","466","0","0","12.95","255","10.34","8.64","7.7","7.075","1.421"
"2017-04-25 12:39:00","27363","0","23.3","23.06","0.3267656","322.1","105.2","NaN","468.5","0","0","11.45","258.4","7.862","6.712","6.212","5.5","1.406"
"2017-04-25 12:40:00","27364","0","23.24","22.95","0.3299702","293.2","96.8","NaN","463.6","7","3","15.95","262.3","12","10.57","9.82","8.95","1.971"
"2017-04-25 12:41:00","27365","0","23.13","22.9","0.3305169","267.3","88.4","NaN","462.3","1","1","15.95","260","11.31","9.45","8.66","8","2.107"
"2017-04-25 12:42:00","27366","0","23.27","23.04","0.3316592","246","81.6","NaN","461.4","0","0","15.2","249.6","10.69","8.92","8.05","7.35","1.748"
"2017-04-25 12:43:00","27367","0","23.23","22.97","0.3338617","223","74.47","NaN","458.3","2","2","15.95","255.5","12.6","10.64","9.81","9.06","1.957"
"2017-04-25 12:44:00","27368","0","23","22.75","0.3307116","237","78.27","NaN","455.7","38","8","17.45","258.6","13.04","11.23","10.17","9.27","2.005"
"2017-04-25 12:45:00","27369","0","23.04","22.83","0.3181466","682.7","217.7","NaN","468.7","1","1","15.2","252","10.48","8.85","8.01","7.387","1.814"
"2017-04-25 12:46:00","27370","0","23.32","22.93","0.3179752","1003","318.8","NaN","487.6","3","2","15.95","243","12.89","10.82","9.55","8.79","1.586"
"2017-04-25 12:47:00","27371","0","23.6","23.14","0.3173695","1019","323.3","NaN","497.5","3","3","17.45","258.6","12.06","10.27","9.26","8.46","2.119"
"2017-04-25 12:48:00","27372","0","23.74","23.2","0.3175346","1044","331.5","NaN","502.1","0","0","15.95","259.7","12.91","10.77","9.74","8.74","1.447"
"2017-04-25 12:49:00","27373","0","23.83","23.3","0.3179825","503.3","159.2","NaN","491.6","0","0","15.2","259.9","12.15","9.91","8.99","8.09","1.967"
"2017-04-25 12:50:00","27374","0","23.84","23.38","0.3236832","347.1","112.3","NaN","478.8","0","0","15.2","253.9","11","9.22","8.17","7.487","1.936"
"2017-04-25 12:51:00","27375","0","23.53","23","0.3230768","390.7","126.2","NaN","474.8","0","0","15.95","253.2","13.2","10.57","9.52","8.82","1.357"
"2017-04-25 12:52:00","27376","0","23.27","22.85","0.3201713","423.1","135.4","NaN","474.6","0","0","15.2","249.2","11.59","9.64","8.64","7.75","1.884"
"2017-04-25 12:53:00","27377","0","23.36","22.98","0.3188987","561.3","178.8","NaN","476.7","3","3","15.95","242.4","11.25","9.47","8.61","8.1","1.877"
"2017-04-25 12:54:00","27378","0","23.22","22.84","0.3162318","941","298","NaN","491.7","0","0","14.45","244.9","10.79","9.14","8.4","7.75","1.575"
"2017-04-25 12:55:00","27379","0","23.56","23.13","0.3162532","1038","328.4","NaN","506.3","1","1","16.7","241.8","10.79","9.04","8.12","7.487","1.956"
"2017-04-25 12:56:00","27380","0","23.78","23.2","0.3160711","1050","332.5","NaN","513","0","0","14.45","245.2","11.2","9.46","8.44","7.787","1.578"
"2017-04-25 12:57:00","27381","0","23.89","23.36","0.3196427","540.8","172.6","NaN","496.3","0","0","15.2","245.2","11.76","9.97","8.97","8.27","1.403"
"2017-04-25 12:58:00","27382","0","23.54","22.98","0.3136431","733.7","230.3","NaN","498.8","0","0","15.2","240.8","10.44","8.94","8.11","7.437","1.608"
"2017-04-25 12:59:00","27383","0","23.28","22.75","0.3205371","389.7","124.9","NaN","488.5","0","0","12.95","246.2","9.34","8.05","7.187","6.712","1.657"
"2017-04-25 13:00:00","27384","0","23.41","22.93","0.3166977","923","292.3","NaN","502","0","0","9.95","258.5","7.925","6.725","6.062","5.412","1.009"
"2017-04-25 13:01:00","27385","0","23.96","23.44","0.3167855","1134","359.1","NaN","520.4","0","0","11.45","260.2","8.54","7.25","6.675","6.062","1.195"
"2017-04-25 13:02:00","27386","0","24.36","23.74","0.3159154","563.6","177.4","NaN","510.1","0","0","11.45","262.4","9.01","7.35","6.65","6.062","1.149"
"2017-04-25 13:03:00","27387","0","24.02","23.46","0.3196406","486.5","155.3","NaN","496.1","0","0","11.45","266.8","9.14","7.837","7.162","6.375","1.229"
"2017-04-25 13:04:00","27388","0","24.09","23.62","0.316183","955","302.2","NaN","508.6","0","0","14.45","272.3","10.92","9.59","8.69","7.825","1.809"
"2017-04-25 13:05:00","27389","0","24.06","23.54","0.3151039","1059","334.2","NaN","520","1","1","15.95","265.6","10.64","8.96","8.16","7.387","1.929"
"2017-04-25 13:06:00","27390","0","24.23","23.69","0.3154785","615.5","194.4","NaN","505.2","13","4","18.2","273.5","12.07","10.54","9.61","8.6","2.704"
"2017-04-25 13:07:00","27391","0","23.96","23.41","0.315644","596.8","187.8","NaN","500.8","6","5","15.95","264.3","13.21","11.12","9.96","8.75","1.581"
"2017-04-25 13:08:00","27392","0","23.45","22.9","0.3202212","379.6","121.5","NaN","487.3","0","0","16.7","260.1","12.35","10.25","9.34","8.49","1.621"
"2017-04-25 13:09:00","27393","0","23.43","22.98","0.3182608","415.8","132.3","NaN","486.8","0","0","13.7","249.8","10.44","8.72","7.887","7.2","1.5"
"2017-04-25 13:10:00","27394","0","23.63","23.21","0.316338","584.5","184.5","NaN","489.3","0","0","15.2","251.6","10.44","8.76","8.12","7.462","1.412"
"2017-04-25 13:11:00","27395","0","23.57","23.09","0.3148118","1031","324.8","NaN","506.9","0","0","14.45","261.1","10.46","8.95","8.1","7.3","1.51"
"2017-04-25 13:12:00","27396","0","23.93","23.41","0.3138804","830","260.6","NaN","513.7","0","0","12.95","250.6","9.5","8.05","7.362","6.875","1.266"
"2017-04-25 13:13:00","27397","0","23.84","23.24","0.3155336","1018","321.4","NaN","518.1","0","0","11.45","260.8","8.09","6.95","6.387","5.762","1.561"
"2017-04-25 13:14:00","27398","0","24.25","23.62","0.3154941","791.5","249.4","NaN","521.5","0","0","13.7","270.6","9.02","7.625","6.95","6.212","1.34"
"2017-04-25 13:15:00","27399","0","24.35","23.78","0.3174502","492.1","156","NaN","503.3","0","0","15.2","267.1","12.1","10.32","9.35","8.36","1.406"
"2017-04-25 13:16:00","27400","0","23.76","23.21","0.3200442","384.8","123.2","NaN","494.4","0","0","12.2","267.2","9.47","8.33","7.575","6.737","1.532"
"2017-04-25 13:17:00","27401","0","23.56","23.14","0.3209617","348.8","112","NaN","490","0","0","13.7","274.2","9.2","8.16","7.4","6.5","1.838"
"2017-04-25 13:18:00","27402","0","23.32","22.88","0.3197877","362.5","115.9","NaN","485.3","0","0","11.45","280.2","8.35","7.025","6.525","5.8","1.486"
"2017-04-25 13:19:00","27403","0","23.42","23","0.3181639","385","122.5","NaN","486.2","0","0","11.45","263.9","8.8","7.587","6.875","6.05","1.395"
"2017-04-25 13:20:00","27404","0","23.63","23.28","0.3166265","408.7","129.4","NaN","486.7","0","0","9.95","277.8","7.862","6.8","6.325","5.562","1.076"
"2017-04-25 13:21:00","27405","0","23.59","23.15","0.3166523","477.9","151.1","NaN","485.8","0","0","13.7","274.6","10.12","8.69","7.912","6.825","1.426"
"2017-04-25 13:22:00","27406","0","23.29","22.81","0.319076","444.7","141.4","NaN","483.6","1","1","15.2","273","12.01","10.26","9.35","8.25","1.69"
"2017-04-25 13:23:00","27407","0","22.91","22.47","0.3219998","320.4","103.2","NaN","477","0","0","12.95","272.2","10.29","8.84","8.1","7.1","1.317"
"2017-04-25 13:24:00","27408","0","22.93","22.52","0.3251893","281.9","91.7","NaN","474.8","0","0","13.7","260.6","11.15","8.97","8.04","7.225","1.25"
"2017-04-25 13:25:00","27409","0","22.85","22.44","0.3224605","388","124.5","NaN","473.5","0","0","15.95","253.4","11.34","9.25","8.47","7.712","2.021"
"2017-04-25 13:26:00","27410","0","22.91","22.53","0.3201343","369.4","117.5","NaN","478.7","0","0","10.7","246.7","8.57","7.225","6.512","5.987","1.145"
"2017-04-25 13:27:00","27411","0","22.95","22.55","0.3293874","264.1","87","NaN","473.7","0","0","10.7","258.1","8.33","7.025","6.4","5.65","1.135"
"2017-04-25 13:28:00","27412","0","22.85","22.46","0.3330274","257.7","85.8","NaN","470.3","0","0","15.95","261.7","11.12","9.25","8.21","7.325","1.816"
"2017-04-25 13:29:00","27413","0","22.67","22.34","0.3321409","269.1","89.4","NaN","469","0","0","10.7","253.4","8.6","7.4","6.65","6.1","0.999"
"2017-04-25 13:30:00","27414","0","22.79","22.52","0.3315302","281.3","93.3","NaN","470.3","0","0","12.95","271","7.962","6.7","6.087","5.45","1.607"
"2017-04-25 13:31:00","27415","0","23.06","22.77","0.3279286","350.8","114.6","NaN","470.5","0","0","12.2","282.2","9.81","8.74","8.05","7.225","1.171"
"2017-04-25 13:32:00","27416","0","23.11","22.77","0.3211468","424.5","136.1","NaN","473.5","0","0","15.95","282.3","11.56","9.86","9.01","7.975","1.649"
"2017-04-25 13:33:00","27417","0","23.27","22.96","0.3284836","340.4","111.8","NaN","472.4","0","0","12.2","273.2","9.6","8.36","7.575","6.512","1.384"
"2017-04-25 13:34:00","27418","0","23.34","23","0.3305172","331.4","109.5","NaN","471.1","8","3","17.45","275.8","12.31","10.39","9.36","8.29","1.874"
"2017-04-25 13:35:00","27419","0","23.4","23.09","0.327446","356.5","116.7","NaN","472.2","0","0","12.95","266.7","9.66","8.19","7.412","6.75","1.144"
"2017-04-25 13:36:00","27420","0","23.36","23.02","0.3166319","581.5","183.9","NaN","481.5","0","0","11.45","259.7","8.17","6.937","6.312","5.725","1.125"
"2017-04-25 13:37:00","27421","0","23.51","23.08","0.3276584","337.4","110.5","NaN","476.5","0","0","12.2","251.3","9.46","7.712","6.95","6.237","1.373"
"2017-04-25 13:38:00","27422","0","23.3","22.9","0.329051","319.9","105.3","NaN","472.3","0","0","12.95","258.5","10.12","8.29","7.587","7.15","1.271"
"2017-04-25 13:39:00","27423","0","23.09","22.71","0.3278841","326.5","107.1","NaN","470.6","0","0","12.95","265.5","10.65","9.01","8.24","7.3","1.289"
"2017-04-25 13:40:00","27424","0","23.17","22.87","0.3254213","346.7","112.8","NaN","471.1","1","1","13.7","270.2","10.5","8.91","8.14","7.262","1.513"
"2017-04-25 13:41:00","27425","0","23.3","22.96","0.3232495","383.8","124.1","NaN","470","12","6","17.45","271.9","13.74","11.36","10.36","9.21","2.063"
"2017-04-25 13:42:00","27426","0","23.22","22.86","0.3246278","373.8","121.4","NaN","469.8","1","1","15.95","254","12.56","10.54","9.59","8.9","1.609"
"2017-04-25 13:43:00","27427","0","23.16","22.85","0.3240699","386","125.1","NaN","470.5","0","0","15.95","256.6","12.57","10.56","9.34","8.54","1.446"
"2017-04-25 13:44:00","27428","0","23.37","23.06","0.3250462","358.1","116.4","NaN","471.5","0","0","15.2","263.3","10.36","8.89","8.04","7.062","1.803"
"2017-04-25 13:45:00","27429","0","23.36","23.07","0.3256536","342.6","111.6","NaN","471.2","0","0","12.95","263.1","9.32","7.887","7.237","6.587","1.46"
"2017-04-25 13:46:00","27430","0","23.27","22.94","0.3247227","359.4","116.7","NaN","470.8","0","0","13.7","260.5","10.21","8.64","8.06","7.087","1.825"
"2017-04-25 13:47:00","27431","0","23.29","23.01","0.3217167","405.2","130.3","NaN","473.2","0","0","12.95","261.2","9.49","7.837","7.187","6.487","1.522"
"2017-04-25 13:48:00","27432","0","23.36","23.03","0.3173127","556.9","176.5","NaN","477.9","0","0","12.95","258.3","10.04","8.4","7.587","6.825","1.779"
"2017-04-25 13:49:00","27433","0","23.58","23.2","0.3124089","844","263.7","NaN","493","0","0","13.7","260.9","10.02","8.47","7.837","6.887","1.436"
"2017-04-25 13:50:00","27434","0","23.68","23.34","0.3135558","597.2","187.1","NaN","490","0","0","15.95","254.3","9.92","8.67","7.812","7.137","1.869"
"2017-04-25 13:51:00","27435","0","23.87","23.49","0.3190128","457.2","145.6","NaN","485.1","0","0","13.7","265","10.73","9.19","8.3","7.5","1.635"
"2017-04-25 13:52:00","27436","0","23.52","23.11","0.3226932","398.2","128.5","NaN","479.1","1","1","14.45","267","10.44","8.72","7.937","7.2","1.389"
"2017-04-25 13:53:00","27437","0","23.34","22.94","0.3236419","387.6","125.4","NaN","477.4","0","0","13.7","263.6","11.1","9.54","8.72","7.625","1.439"
"2017-04-25 13:54:00","27438","0","23.26","22.87","0.322064","401.8","129.4","NaN","475.8","0","0","14.45","263.8","10.98","9.37","8.45","7.562","1.14"
"2017-04-25 13:55:00","27439","0","23.2","22.85","0.3179348","572","181.4","NaN","478.9","0","0","12.95","270.6","10.71","9.44","8.75","7.737","1.426"
"2017-04-25 13:56:00","27440","0","23.31","22.97","0.3118421","575.9","179.3","NaN","484.2","0","0","15.2","266.8","11.56","9.76","8.75","7.775","1.541"
"2017-04-25 13:57:00","27441","0","23.46","23.06","0.314485","836","262.6","NaN","489.2","0","0","14.45","274.9","11.49","9.79","8.92","7.85","1.377"
"2017-04-25 13:58:00","27442","0","23.76","23.3","0.3131774","629.7","196.7","NaN","494.1","0","0","12.95","262.1","10.24","8.52","7.7","6.912","1.46"
"2017-04-25 13:59:00","27443","0","23.94","23.5","0.3188278","413.5","131.8","NaN","483.4","2","1","18.2","262.3","11.95","10.31","9.3","8.31","1.809"
"2017-04-25 14:00:00","27444","0","23.71","23.3","0.3192892","403.1","128.7","NaN","479.2","0","0","14.45","262.2","11.19","9.52","8.64","7.75","1.521"
"2017-04-25 14:01:00","27445","0","23.77","23.33","0.3124779","805","251.6","NaN","491.7","0","0","15.2","262.4","10.95","9.32","8.29","7.375","1.843"
"2017-04-25 14:02:00","27446","0","23.75","23.25","0.3142816","546.9","171.8","NaN","487.5","0","0","15.2","265.4","10.61","8.66","7.85","6.962","1.908"
"2017-04-25 14:03:00","27447","0","23.65","23.17","0.3125005","804","251.3","NaN","493","0","0","14.45","261.7","10.74","8.96","8.1","7.175","1.338"
"2017-04-25 14:04:00","27448","0","23.96","23.51","0.3090444","801","247.7","NaN","502.7","0","0","12.95","268.5","9.71","8.62","7.775","6.825","1.406"
"2017-04-25 14:05:00","27449","0","24.14","23.77","0.3135569","610.4","191.2","NaN","494.7","0","0","14.45","264.2","10.37","8.9","7.9","7.05","2.606"
"2017-04-25 14:06:00","27450","0","24.58","24.11","0.3132963","559.1","175.1","NaN","495.8","0","0","13.7","256.8","9.69","8.02","7.162","6.412","1.587"
"2017-04-25 14:07:00","27451","0","24.38","23.79","0.312975","1016","317.9","NaN","507","0","0","15.2","253.9","11.34","9.32","8.25","7.412","1.568"
"2017-04-25 14:08:00","27452","0","24.57","24.04","0.3114142","982","306.1","NaN","513.8","0","0","13.7","258.8","10.14","8.3","7.5","6.812","1.53"
"2017-04-25 14:09:00","27453","0","24.77","24.19","0.3089065","675.6","208.6","NaN","505.5","1","1","15.95","241.1","11.66","10.06","9.04","8.36","1.974"
"2017-04-25 14:10:00","27454","0","24.32","23.92","0.3127963","683.8","213.6","NaN","499","1","1","15.2","233.1","10.81","9.42","8.5","7.825","1.952"
"2017-04-25 14:11:00","27455","0","24.37","23.94","0.3101113","773.9","240.5","NaN","502.6","39","14","18.95","230.8","14.44","12.67","11.2","10.25","1.897"
"2017-04-25 14:12:00","27456","0","24.42","23.9","0.3124947","527.5","164.8","NaN","494","0","0","15.2","255.3","11.87","10.06","9.14","8.26","1.687"
"2017-04-25 14:13:00","27457","0","24.04","23.5","0.3096021","738.4","228.8","NaN","498.4","0","0","13.7","267.1","11.1","9.41","8.61","7.487","1.568"
"2017-04-25 14:14:00","27458","0","24.1","23.53","0.3097182","987","305.9","NaN","512.3","0","0","12.95","259.9","10.52","8.71","7.775","6.85","1.283"
"2017-04-25 14:15:00","27459","0","24.22","23.6","0.3091656","491","151.6","NaN","498.8","0","0","14.45","266.3","11.19","9.3","8.44","7.462","1.281"
"2017-04-25 14:16:00","27460","0","24.04","23.58","0.3084349","545.5","168.3","NaN","496.5","0","0","13.7","261.4","10.6","8.94","8.16","7.387","1.602"
"2017-04-25 14:17:00","27461","0","23.8","23.35","0.3154156","327.7","103.3","NaN","487.2","0","0","12.2","256.2","9.1","7.825","7.162","6.562","1.249"
"2017-04-25 14:18:00","27462","0","23.98","23.57","0.3106788","716","222.5","NaN","494.4","1","1","16.7","251.1","11.71","9.77","8.77","8","1.569"
"2017-04-25 14:19:00","27463","0","24.15","23.66","0.3162781","319.9","101","NaN","487.6","0","0","12.2","248.3","9.4","7.95","7.2","6.675","1.23"
"2017-04-25 14:20:00","27464","0","24.13","23.72","0.3126165","435.5","136.1","NaN","485.5","0","0","12.95","262.1","9.86","8.2","7.475","6.787","1.289"
"2017-04-25 14:21:00","27465","0","24.21","23.8","0.3122459","914","285.4","NaN","499.7","0","0","12.95","250.5","9.97","8.27","7.425","6.8","1.471"
"2017-04-25 14:22:00","27466","0","24.64","24.17","0.3123137","995","310.8","NaN","509.8","3","3","17.45","248.6","12.91","11.25","10.09","9.14","2.59"
"2017-04-25 14:23:00","27467","0","24.85","24.36","0.3109125","844","262.8","NaN","509","5","3","17.45","246.2","13.12","11.27","10.02","9.22","1.803"
"2017-04-25 14:24:00","27468","0","24.7","24.16","0.3106869","959","297.9","NaN","506.4","136","27","18.2","244.5","15.18","13.1","11.71","10.77","2.125"
"2017-04-25 14:25:00","27469","0","24.4","23.89","0.308389","605.7","186.9","NaN","497.2","78","20","18.95","252.1","14.66","12.5","11.12","10.17","2.238"
"2017-04-25 14:26:00","27470","0","24.47","23.98","0.309437","613.7","189.9","NaN","499.2","12","7","18.95","252.6","14.1","11.69","10.37","9.46","2.154"
"2017-04-25 14:27:00","27471","0","24.19","23.66","0.3092704","393.4","121.6","NaN","485.7","6","5","17.45","252.3","14.21","11.85","10.66","9.77","1.558"
"2017-04-25 14:28:00","27472","0","23.94","23.54","0.3075859","507.6","156.3","NaN","487.1","0","0","15.95","250.5","11.09","9.67","8.85","8.04","1.811"
"2017-04-25 14:29:00","27473","0","24.1","23.73","0.3104026","751.7","233.1","NaN","493.7","0","0","14.45","253.4","10.11","8.69","7.787","7.087","1.777"
"2017-04-25 14:30:00","27474","0","24.34","23.87","0.3091849","503.4","155.2","NaN","493.4","2","2","16.7","265.1","12.8","10.96","9.87","8.79","1.8"
"2017-04-25 14:31:00","27475","0","24.21","23.8","0.3121799","370.7","115.7","NaN","481","2","2","15.95","248.8","12.59","10.8","9.82","9.07","1.824"
"2017-04-25 14:32:00","27476","0","24.04","23.61","0.3095392","914","282.9","NaN","497.8","0","0","14.45","248.5","11.48","9.61","8.6","7.762","1.558"
"2017-04-25 14:33:00","27477","0","24.41","23.93","0.3103474","941","292.1","NaN","506.2","6","4","16.7","243.2","13.14","11.31","10.11","9.31","1.762"
"2017-04-25 14:34:00","27478","0","24.42","23.88","0.3070714","744.9","229","NaN","502.4","16","11","18.2","249.7","14.8","12.59","11.29","10.42","1.895"
"2017-04-25 14:35:00","27479","0","24.44","23.92","0.3076836","799.4","246.3","NaN","502.1","3","3","15.95","242","12.73","10.8","9.72","9.22","1.558"
"2017-04-25 14:36:00","27480","0","24.27","23.77","0.3080184","330.6","101.6","NaN","489.1","0","0","15.2","239","12.16","10.37","9.47","8.74","1.464"
"2017-04-25 14:37:00","27481","0","24.17","23.77","0.3062568","354.5","108.4","NaN","484.2","1","1","15.95","246.9","11.44","9.72","8.82","8.05","2.019"
"2017-04-25 14:38:00","27482","0","24","23.59","0.3119334","255.6","79.72","NaN","476.7","0","0","14.45","261.3","11.46","9.47","8.46","7.5","1.694"
"2017-04-25 14:39:00","27483","0","23.72","23.38","0.3112058","406.5","126.5","NaN","476.1","0","0","13.7","271.4","10.52","8.97","8.15","7.225","1.451"
"2017-04-25 14:40:00","27484","0","23.92","23.53","0.3091115","908","280.5","NaN","496.3","1","1","15.2","260.3","10.51","8.8","7.887","7.087","2.227"
"2017-04-25 14:41:00","27485","0","24.2","23.72","0.3063875","426.2","130.1","NaN","489.8","0","0","14.45","255.2","10.75","8.85","8","7.212","1.393"
"2017-04-25 14:42:00","27486","0","24.1","23.63","0.3163657","210.5","66.58","NaN","474.4","0","0","17.45","260.1","13.76","11.34","10.04","9.15","1.821"
"2017-04-25 14:43:00","27487","0","23.83","23.45","0.3096969","332.8","102.7","NaN","472","0","0","15.95","265.8","12.87","10.87","9.82","8.81","1.674"
"2017-04-25 14:44:00","27488","0","23.85","23.59","0.3073211","472.5","145.3","NaN","478.1","0","0","14.45","273.6","11.5","10.15","9.41","8.2","1.676"
"2017-04-25 14:45:00","27489","0","24.03","23.68","0.3085642","765.9","236.7","NaN","487.4","0","0","15.95","265.1","10.94","9.26","8.36","7.412","1.957"
"2017-04-25 14:46:00","27490","0","24.6","24.17","0.3086443","835","257.8","NaN","500.4","0","0","12.95","248","9.76","8.27","7.562","7.037","1.496"
"2017-04-25 14:47:00","27491","0","24.65","24.21","0.3068651","714.3","219.7","NaN","499.2","0","0","13.7","253.5","9.71","8.21","7.4","6.712","1.236"
"2017-04-25 14:48:00","27492","0","24.85","24.38","0.307791","765.6","235.9","NaN","500.5","0","0","15.2","261.4","11.3","9.54","8.49","7.7","2.313"
"2017-04-25 14:49:00","27493","0","24.64","24.14","0.3040171","446.8","136.6","NaN","491.6","20","5","16.7","264.1","12.92","10.82","9.94","8.72","2.036"
"2017-04-25 14:50:00","27494","0","24.19","23.81","0.3067467","345","105.7","NaN","478.7","0","0","16.7","258.7","11.79","9.59","8.69","7.762","2.265"
"2017-04-25 14:51:00","27495","0","24.15","23.74","0.3062345","792.1","243.4","NaN","493.9","0","0","13.7","260.1","10.7","8.95","8.11","7.337","1.658"
"2017-04-25 14:52:00","27496","0","24.23","23.86","0.3042787","365.1","111.6","NaN","485.1","0","0","13.7","269.9","9.17","7.925","7.412","6.637","1.358"
"2017-04-25 14:53:00","27497","0","24.53","24.16","0.3094049","841","260.2","NaN","498.1","1","1","16.7","267.8","11.55","9.91","9.15","8.22","2.163"
"2017-04-25 14:54:00","27498","0","24.98","24.58","0.3084199","423.1","130.1","NaN","493.5","1","1","15.95","270.3","11.41","9.87","8.96","7.9","2.257"
"2017-04-25 14:55:00","27499","0","24.69","24.29","0.3151625","205","64.59","NaN","475.6","1","1","16.7","240.6","12.69","10.94","9.82","9.19","1.576"
"2017-04-25 14:56:00","27500","0","24.25","23.89","0.3096704","814","252.2","NaN","489.3","1","1","16.7","252.2","12.11","10.6","9.49","8.57","1.68"
"2017-04-25 14:57:00","27501","0","24.39","24.04","0.3086072","816","251.8","NaN","495.9","8","4","21.95","261.8","13.74","11.6","10.49","9.44","2.224"
"2017-04-25 14:58:00","27502","0","24.7","24.25","0.3104872","816","253.4","NaN","497.4","56","20","20.45","262.5","15.29","12.8","11.55","10.36","2.539"
"2017-04-25 14:59:00","27503","0","25.08","24.66","0.3099371","837","259.4","NaN","504","1","1","14.45","258.6","11.01","9.51","8.49","7.725","1.874"
"2017-04-25 15:00:00","27504","0","25.39","24.88","0.308791","814","252","NaN","505.1","2","2","17.45","260.8","13","10.7","9.71","8.7","1.867"
"2017-04-25 15:01:00","27505","0","24.94","24.36","0.3066355","554.6","171.3","NaN","493.2","6","4","17.45","264.2","13.26","11.2","10.16","8.91","2.202"
"2017-04-25 15:02:00","27506","0","24.69","24.2","0.3090817","841","259.9","NaN","501.8","0","0","16.7","261.6","12.21","10.04","9.16","8.3","2.004"
"2017-04-25 15:03:00","27507","0","25.26","24.77","0.3107936","837","260","NaN","503.9","24","11","18.2","255.4","15.36","12.85","11.66","10.51","1.68"
"2017-04-25 15:04:00","27508","0","25.41","24.84","0.3123982","831","259.8","NaN","503.3","81","22","18.95","251.6","15.44","12.96","11.71","10.79","1.74"
"2017-04-25 15:05:00","27509","0","25.2","24.58","0.3106047","835","259.3","NaN","503.9","25","9","17.45","247.8","13.45","11.39","10.3","9.5","1.808"
"2017-04-25 15:06:00","27510","0","25.15","24.6","0.3094094","829","256.6","NaN","508.5","0","0","15.2","259.3","11.45","9.4","8.49","7.8","1.474"
"2017-04-25 15:07:00","27511","0","25.05","24.51","0.3069132","774.6","238.2","NaN","507.5","0","0","15.95","266.5","11.81","10.27","9.39","8.27","1.439"
"2017-04-25 15:08:00","27512","0","25.02","24.53","0.3074083","705.2","217.3","NaN","504.2","4","4","15.95","274.2","11.51","9.91","9.07","7.975","2.248"
"2017-04-25 15:09:00","27513","0","25.11","24.61","0.3084626","782","241.5","NaN","508.4","1","1","14.45","260.5","11.24","9.59","8.72","7.837","1.729"
"2017-04-25 15:10:00","27514","0","25.15","24.7","0.304757","574.4","175.5","NaN","503.6","3","3","16.7","257.5","12.27","10.26","9.26","8.25","2.325"
"2017-04-25 15:11:00","27515","0","25.35","24.92","0.3116911","795.2","247.9","NaN","506","38","6","18.95","260.6","13.83","11.84","10.64","9.5","2.354"
"2017-04-25 15:12:00","27516","0","25.12","24.61","0.3109514","797.2","247.9","NaN","505.5","29","6","18.95","263.6","13.98","11.94","10.65","9.59","2.517"
"2017-04-25 15:13:00","27517","0","25.19","24.68","0.309824","797.2","247","NaN","507.6","0","0","15.95","263.3","12.49","10.21","9.41","8.5","1.312"
"2017-04-25 15:14:00","27518","0","25.31","24.83","0.3099534","771.8","239.2","NaN","507.3","8","3","20.45","271.1","14.15","11.98","10.92","9.67","2.1"
"2017-04-25 15:15:00","27519","0","25.34","24.84","0.3098898","752.6","233.2","NaN","507.9","21","9","20.45","266.8","13.14","11.1","10.02","8.86","2.405"
"2017-04-25 15:16:00","27520","0","25","24.43","0.310073","752.9","233.4","NaN","502.4","8","6","18.2","266.1","14.45","12.4","11.34","10.16","2.021"
"2017-04-25 15:17:00","27521","0","24.88","24.36","0.3090064","755.5","233.4","NaN","504.2","0","0","15.95","262.4","12.39","10.66","9.64","8.65","1.849"
"2017-04-25 15:18:00","27522","0","24.92","24.43","0.3086158","755.6","233.2","NaN","505.6","0","0","17.45","262.5","11.77","9.84","8.99","7.962","2.044"
"2017-04-25 15:19:00","27523","0","25.08","24.53","0.3030311","346","105","NaN","494.3","9","5","18.2","266.3","13.29","10.71","9.62","8.51","1.89"
"2017-04-25 15:20:00","27524","0","24.71","24.21","0.3087645","576.6","178.5","NaN","490","2","1","18.95","260.5","12.69","10.59","9.54","8.65","1.983"
"2017-04-25 15:21:00","27525","0","24.77","24.31","0.3086592","725","224.2","NaN","498.7","0","0","18.2","266.7","12.98","11.02","10.04","8.95","1.995"
"2017-04-25 15:22:00","27526","0","24.95","24.51","0.3107165","772.3","240","NaN","503.5","1","1","15.2","273.1","11.15","9.49","8.65","7.612","1.903"
"2017-04-25 15:23:00","27527","0","25.13","24.73","0.3127757","771.5","241.3","NaN","504","43","14","18.95","269.5","14.6","12.73","11.77","10.59","2.162"
"2017-04-25 15:24:00","27528","0","25.23","24.83","0.3116272","682.6","213","NaN","500.6","47","14","20.45","261.5","15.2","13.14","12.05","10.7","2.306"
"2017-04-25 15:25:00","27529","0","25.19","24.69","0.3104901","642.1","199.9","NaN","495.4","28","17","18.95","266","14.46","12","10.73","9.57","2.072"
"2017-04-25 15:26:00","27530","0","24.97","24.46","0.3109179","766","238.2","NaN","501.7","1","1","15.95","263.2","12.12","10.17","9.27","8.35","1.952"
"2017-04-25 15:27:00","27531","0","25.21","24.67","0.3110726","761.4","236.9","NaN","506.6","0","0","15.2","265.1","11.26","9.34","8.65","7.762","1.338"
"2017-04-25 15:28:00","27532","0","25.11","24.55","0.3119236","779.2","243.1","NaN","507.7","0","0","14.45","264.6","11.81","9.65","8.79","7.825","1.391"
"2017-04-25 15:29:00","27533","0","25.29","24.75","0.3132246","775.2","242.8","NaN","505.8","67","17","19.7","243.8","15.38","12.85","11.71","10.77","1.707"
"2017-04-25 15:30:00","27534","0","25.28","24.74","0.3131584","756.5","236.9","NaN","505.4","1","1","18.2","249","13.84","11.69","10.54","9.79","1.835"
"2017-04-25 15:31:00","27535","0","25.93","25.48","0.3141809","772.4","242.7","NaN","510.2","2","2","18.2","245.7","12.24","10.35","9.19","8.55","2.184"
"2017-04-25 15:32:00","27536","0","25.53","24.9","0.3137015","778","244.1","NaN","506.9","21","12","19.7","244","14.59","12.12","10.85","10.15","2.011"
"2017-04-25 15:33:00","27537","0","25.15","24.48","0.3127905","766","239.6","NaN","505.8","9","3","16.7","243.2","12.9","11.05","9.91","9.3","1.552"
"2017-04-25 15:34:00","27538","0","25.05","24.54","0.3109125","760.4","236.4","NaN","509.5","0","0","12.95","247.9","10.35","8.8","7.875","7.125","1.646"
"2017-04-25 15:35:00","27539","0","25.59","25.13","0.3118395","759.5","236.9","NaN","509.3","2","2","16.7","250.1","13.27","11.4","10.31","9.5","2.016"
"2017-04-25 15:36:00","27540","0","25.52","25.03","0.3120252","717.1","223.8","NaN","509.3","0","0","15.95","251.9","12.15","10.09","9.22","8.34","1.845"
"2017-04-25 15:37:00","27541","0","25.52","25.01","0.3143283","741.8","233.2","NaN","506.8","12","7","18.2","239","14.26","11.99","10.74","9.99","1.827"
"2017-04-25 15:38:00","27542","0","25.3","24.73","0.314223","725.7","228","NaN","504.4","18","9","18.2","241.1","14.76","12.4","11.14","10.39","1.816"
"2017-04-25 15:39:00","27543","0","25.21","24.7","0.3087624","521.9","162.2","NaN","498.4","31","9","19.7","237.6","14.68","12.94","11.66","10.87","1.949"
"2017-04-25 15:40:00","27544","0","24.96","24.58","0.3093344","218.9","67.64","NaN","483.5","2","2","17.45","236","13.27","11.49","10.35","9.77","1.718"
"2017-04-25 15:41:00","27545","0","24.75","24.44","0.3093266","340.1","105.8","NaN","482.4","0","0","13.7","246","10.56","9.47","8.44","7.662","1.699"
"2017-04-25 15:42:00","27546","0","24.98","24.66","0.3125423","720.5","225.3","NaN","497.3","0","0","14.45","248","9.17","7.887","7.062","6.562","1.612"
"2017-04-25 15:43:00","27547","0","25.46","25.07","0.3103358","496.1","154.7","NaN","495.3","0","0","12.2","239.2","8.56","7.187","6.5","5.987","1.439"
"2017-04-25 15:44:00","27548","0","25.63","25.22","0.3142539","758.5","238.4","NaN","504.6","0","0","10.7","246.4","8.41","7.35","6.625","6.137","1.038"
"2017-04-25 15:45:00","27549","0","26.02","25.54","0.3145032","739","232.4","NaN","509.6","0","0","12.2","251.1","9.46","7.712","6.8","6.312","1.182"
"2017-04-25 15:46:00","27550","0","26.17","25.66","0.3125129","551.7","173.2","NaN","503.6","3","2","17.45","245.5","10.45","8.91","8.08","7.512","2.344"
"2017-04-25 15:47:00","27551","0","25.76","25.34","0.3164004","692","219","NaN","502.3","3","2","17.45","245.8","13.29","11.48","10.32","9.59","1.984"
"2017-04-25 15:48:00","27552","0","25.6","25.08","0.3160691","689","217.8","NaN","502.1","0","0","16.7","258.6","12.15","10.31","9.25","8.39","2.047"
"2017-04-25 15:49:00","27553","0","25.7","25.23","0.3150916","698.3","220","NaN","504.8","0","0","15.95","269.6","11.17","9.37","8.64","7.562","1.894"
"2017-04-25 15:50:00","27554","0","25.68","25.22","0.3157334","698.9","220.7","NaN","503.8","0","0","15.95","268.8","12.52","11.05","10.09","8.91","1.777"
"2017-04-25 15:51:00","27555","0","25.45","24.98","0.3151469","681.9","215","NaN","501.4","2","2","17.45","268.9","13.52","11.74","10.69","9.45","2.013"
"2017-04-25 15:52:00","27556","0","25.42","24.96","0.3159413","689.8","217.9","NaN","501.8","9","5","16.7","259.2","13.01","10.86","9.7","8.82","2.113"
"2017-04-25 15:53:00","27557","0","25.48","24.98","0.3154254","686.3","216.5","NaN","502.5","2","2","16.7","253.4","11.34","9.6","8.4","7.587","1.452"
"2017-04-25 15:54:00","27558","0","25.47","24.92","0.3163113","684.9","216.7","NaN","500.8","6","3","17.45","260.2","13.36","11.36","10.35","9.36","1.727"
"2017-04-25 15:55:00","27559","0","25.17","24.66","0.315905","677.3","213.9","NaN","498.9","11","5","18.2","258.2","14.51","11.77","10.65","9.7","1.734"
"2017-04-25 15:56:00","27560","0","25.5","25.08","0.3158904","662.6","209.3","NaN","500.6","6","5","18.95","260.7","12.64","11","10.02","8.95","2.54"
"2017-04-25 15:57:00","27561","0","25.72","25.24","0.3175136","657.3","208.7","NaN","499.2","22","10","19.7","260.9","14.88","12.41","11.25","10.1","2.113"
"2017-04-25 15:58:00","27562","0","25.67","25.23","0.3136941","542.8","171.1","NaN","495.3","7","5","20.45","261.9","14.1","11.76","10.66","9.54","2.373"
"2017-04-25 15:59:00","27563","0","25.3","24.84","0.3177368","640.7","203.6","NaN","494.6","27","12","20.45","265.9","14.55","12.44","11.37","10.02","2.463"
"2017-04-25 16:00:00","27564","0","25.45","25.05","0.3172862","638.5","202.6","NaN","497.7","0","0","15.2","261.1","11.6","9.87","8.9","7.925","1.408"
"2017-04-25 16:01:00","27565","0","25.54","25.11","0.3181027","641.4","204","NaN","497.1","3","3","18.95","265.6","13.89","11.55","10.49","9.25","1.707"
"2017-04-25 16:02:00","27566","0","25.54","25.07","0.3177486","619.4","196.9","NaN","497.1","4","3","20.45","269.9","13.48","11.05","10.06","9.02","2.444"
"2017-04-25 16:03:00","27567","0","25.51","25.11","0.3172254","628.2","199.3","NaN","497.3","0","0","16.7","270.8","12.35","10.8","9.85","8.7","1.57"
"2017-04-25 16:04:00","27568","0","25.37","24.97","0.3179221","641.4","203.9","NaN","497.4","0","0","14.45","269.8","11.54","9.9","8.95","7.787","1.926"
"2017-04-25 16:05:00","27569","0","25.42","24.98","0.3173305","635.7","201.7","NaN","498.6","0","0","16.7","263.9","10.76","9.16","8.37","7.525","1.772"
"2017-04-25 16:06:00","27570","0","25.61","25.22","0.3184039","616","196.1","NaN","498.9","1","1","16.7","270.3","11.55","9.91","9","7.962","2.538"
"2017-04-25 16:07:00","27571","0","25.68","25.28","0.3190171","617.8","197.1","NaN","498.1","0","0","17.45","272.6","11.14","9.59","8.87","8.06","1.702"
"2017-04-25 16:08:00","27572","0","25.69","25.24","0.3194766","622","198.7","NaN","496.8","1","1","17.45","263","12.32","10.49","9.44","8.36","1.985"
"2017-04-25 16:09:00","27573","0","25.41","24.95","0.3193626","617.7","197.3","NaN","494.8","4","2","15.95","267.8","12.01","10.26","9.35","8.5","1.776"
"2017-04-25 16:10:00","27574","0","25.32","24.84","0.3187836","615.5","196.2","NaN","495.1","3","1","17.45","262.3","12.69","10.66","9.51","8.41","1.895"
"2017-04-25 16:11:00","27575","0","25.55","25.08","0.3196708","607.9","194.3","NaN","496.9","1","1","16.7","258.9","12.12","10.29","9.37","8.59","2.005"
"2017-04-25 16:12:00","27576","0","25.65","25.18","0.3206757","604.9","194","NaN","496.4","0","0","15.95","250.6","11.55","9.74","8.71","7.975","1.568"
"2017-04-25 16:13:00","27577","0","25.63","25.2","0.3208348","607.2","194.8","NaN","497.3","1","1","16.7","254.5","11.89","10.19","9.06","8.06","1.804"
"2017-04-25 16:14:00","27578","0","25.59","25.15","0.3217373","604.3","194.4","NaN","495.1","1","1","15.95","257.5","12.3","10.3","9.22","8.25","1.64"
"2017-04-25 16:15:00","27579","0","25.47","25.01","0.3222136","601.4","193.8","NaN","494.3","6","3","18.95","244.6","12.64","10.67","9.6","8.94","2.303"
"2017-04-25 16:16:00","27580","0","25.55","25.16","0.3218148","597.7","192.4","NaN","495.3","2","1","15.95","241.9","12.11","10.77","9.8","9.34","2.043"
"2017-04-25 16:17:00","27581","0","25.28","24.83","0.322206","602.8","194.2","NaN","492.2","6","3","17.45","252.5","13.55","11.36","10.45","9.6","1.863"
"2017-04-25 16:18:00","27582","0","25.16","24.73","0.3213048","597.6","192","NaN","491.9","1","1","18.2","262.8","13.98","11.86","10.61","9.44","1.991"
"2017-04-25 16:19:00","27583","0","25.05","24.62","0.3215618","595.5","191.5","NaN","491.4","3","3","18.2","258.2","13.75","11.69","10.36","9.35","1.788"
"2017-04-25 16:20:00","27584","0","25.41","25.05","0.32173","586","188.5","NaN","493.5","6","4","18.2","258.3","11.5","9.89","8.95","8.12","2.369"
"2017-04-25 16:21:00","27585","0","25.71","25.32","0.3233858","577.7","186.8","NaN","494.8","1","1","16.7","252.3","11.71","9.8","8.87","8","2.241"
"2017-04-25 16:22:00","27586","0","25.51","25.07","0.3236479","571.2","184.9","NaN","493.4","0","0","15.2","251.8","12.42","10.11","8.95","8.15","1.592"
"2017-04-25 16:23:00","27587","0","25.4","24.97","0.3251569","573.9","186.6","NaN","490.1","53","17","18.95","241.3","15.29","13.25","11.87","11.05","1.913"
"2017-04-25 16:24:00","27588","0","25.18","24.77","0.3249499","568.8","184.8","NaN","488.7","27","16","18.95","242","15.11","12.79","11.44","10.51","1.749"
"2017-04-25 16:25:00","27589","0","25.25","24.89","0.3246185","557.2","180.9","NaN","489.7","4","4","18.95","250.4","12.89","10.79","9.81","9.05","2.086"
"2017-04-25 16:26:00","27590","0","25.26","24.81","0.3252183","569.3","185.1","NaN","487.9","5","3","18.2","255.7","14.75","12.39","11.24","10.15","1.973"
"2017-04-25 16:27:00","27591","0","25.07","24.63","0.324135","562.7","182.4","NaN","488.8","1","1","15.95","259.5","11.57","9.49","8.55","7.725","1.827"
"2017-04-25 16:28:00","27592","0","25.36","24.96","0.3245046","560.9","182","NaN","490.1","0","0","15.95","258.9","11.46","9.4","8.4","7.462","1.715"
"2017-04-25 16:29:00","27593","0","25.64","25.2","0.326341","562.1","183.4","NaN","491.5","3","2","16.7","250.4","11.61","9.61","8.81","8.12","1.996"
"2017-04-25 16:30:00","27594","0","25.56","25.16","0.3269117","558.4","182.5","NaN","489.8","3","3","17.45","256","13.41","11.8","10.75","9.92","1.845"
"2017-04-25 16:31:00","27595","0","25.26","24.84","0.3266945","556.4","181.8","NaN","488.5","1","1","15.2","261.7","11.85","10.41","9.39","8.5","2.091"
"2017-04-25 16:32:00","27596","0","25.24","24.83","0.3269347","553.1","180.8","NaN","488.7","1","1","17.45","257.2","12.98","10.62","9.56","8.6","1.886"
"2017-04-25 16:33:00","27597","0","25.15","24.72","0.3270772","548.5","179.4","NaN","488","0","0","15.95","249.8","12.07","10.29","9.31","8.62","1.691"
"2017-04-25 16:34:00","27598","0","25.1","24.65","0.3276095","542.7","177.8","NaN","488","3","2","16.7","253","12.95","10.77","9.46","8.6","1.388"
"2017-04-25 16:35:00","27599","0","25.1","24.71","0.3272913","529.1","173.2","NaN","488.2","1","1","17.45","252.8","12.89","11","9.86","9.07","2.069"
"2017-04-25 16:36:00","27600","0","25.14","24.78","0.3290868","536.3","176.5","NaN","487.3","0","0","16.7","241.9","13.27","11.34","10.01","9.35","1.454"
"2017-04-25 16:37:00","27601","0","25.5","25.16","0.3269645","497.2","163.3","NaN","487.8","1","1","17.45","254.3","13.27","11.1","9.87","8.92","1.509"
"2017-04-25 16:38:00","27602","0","25.46","25.07","0.3301183","437","145.2","NaN","482.2","3","3","18.2","252","13.91","11.4","10.26","9.46","1.737"
"2017-04-25 16:39:00","27603","0","25.34","24.91","0.3312155","541","179.2","NaN","485.2","1","1","18.2","251.1","12.6","10.5","9.37","8.6","2.363"
"2017-04-25 16:40:00","27604","0","25.45","25.05","0.3312002","536.8","177.8","NaN","487.2","10","7","16.7","248.3","11.76","10.16","9.06","8.6","2.465"
"2017-04-25 16:41:00","27605","0","25.22","24.82","0.3319246","539.6","179.1","NaN","485","0","0","17.45","255.7","13.91","11.46","10.22","9.32","1.756"
"2017-04-25 16:42:00","27606","0","25.38","25","0.3311856","527.9","174.8","NaN","486.9","0","0","13.7","248.1","10.59","8.86","7.937","7.212","1.452"
"2017-04-25 16:43:00","27607","0","25.36","24.94","0.3322001","505.2","167.9","NaN","484.8","5","2","18.95","252.5","13.41","11.26","10.21","9.3","1.783"
"2017-04-25 16:44:00","27608","0","25.2","24.81","0.332156","466.7","155","NaN","481.9","14","8","18.2","246","13.53","11.5","10.25","9.44","2.43"
"2017-04-25 16:45:00","27609","0","25.16","24.82","0.3322607","471.6","156.7","NaN","482.1","2","2","16.7","245.7","12.49","10.4","9.42","8.84","2.013"
"2017-04-25 16:46:00","27610","0","25.2","24.86","0.3310146","406.4","134.5","NaN","479.1","2","2","18.95","240.2","13.66","11.75","10.55","9.84","2.388"
"2017-04-25 16:47:00","27611","0","25.16","24.86","0.3278454","325.3","106.7","NaN","477","0","0","15.2","257.9","11.44","9.81","8.94","8","1.74"
"2017-04-25 16:48:00","27612","0","25.16","24.87","0.3322907","414.8","137.9","NaN","477.7","0","0","14.45","250.7","11.32","9.49","8.59","7.85","1.45"
"2017-04-25 16:49:00","27613","0","25.28","24.97","0.3333912","483.6","161.2","NaN","480.6","0","0","14.45","247.2","10.98","9.27","8.29","7.625","1.523"
"2017-04-25 16:50:00","27614","0","25.46","25.16","0.3332834","500.8","166.9","NaN","483.8","0","0","12.95","254.7","9.22","7.85","6.925","6.25","1.784"
"2017-04-25 16:51:00","27615","0","25.69","25.3","0.3351703","527.1","176.7","NaN","484.9","0","0","15.95","257","10.81","8.94","8.14","7.237","2.021"
"2017-04-25 16:52:00","27616","0","25.36","24.92","0.3352057","514.5","172.5","NaN","482.8","12","3","18.95","264.2","12.52","10.64","9.49","8.4","2.264"
"2017-04-25 16:53:00","27617","0","25.23","24.83","0.3354575","509.7","171","NaN","483.5","2","2","15.95","264.5","11.37","9.71","8.84","7.875","2.193"
"2017-04-25 16:54:00","27618","0","25.27","24.9","0.3363183","502","168.8","NaN","483.1","1","1","17.45","264.3","12.79","10.61","9.46","8.35","2.217"
"2017-04-25 16:55:00","27619","0","25.29","24.92","0.3369245","493.4","166.3","NaN","481.9","0","0","15.95","267.9","12.39","10.39","9.44","8.26","1.899"
"2017-04-25 16:56:00","27620","0","25.43","25.08","0.3379891","488.6","165.1","NaN","482.8","4","4","18.2","260.7","13.05","11.02","9.89","8.97","2.439"
"2017-04-25 16:57:00","27621","0","25.27","24.93","0.3386603","487.4","165.1","NaN","482.1","0","0","15.95","261.2","12.62","10.49","9.31","8.25","1.848"
"2017-04-25 16:58:00","27622","0","25.33","24.96","0.3392035","485.2","164.6","NaN","481.9","0","0","15.95","249.8","11.27","9.62","8.6","8.02","1.824"
"2017-04-25 16:59:00","27623","0","25.25","24.83","0.3397982","482.1","163.8","NaN","480.4","5","3","18.95","253.6","13.26","11.11","9.94","9.07","1.599"
"2017-04-25 17:00:00","27624","0","24.92","24.53","0.3398974","476.8","162.1","NaN","477.7","30","10","18.95","247.7","15.19","12.8","11.59","10.59","1.578"
"2017-04-25 17:01:00","27625","0","24.92","24.61","0.3401733","467.3","159","NaN","477.4","75","12","20.45","254.9","14.56","12.37","11.3","10.21","2.114"
"2017-04-25 17:02:00","27626","0","25.06","24.72","0.3398027","444","150.9","NaN","477.3","0","0","18.2","261.2","12.46","10.4","9.26","8.34","1.711"
"2017-04-25 17:03:00","27627","0","24.82","24.44","0.3393875","432.3","146.8","NaN","474.4","3","1","18.95","264.3","14.53","12.05","10.92","9.79","1.945"
"2017-04-25 17:04:00","27628","0","24.73","24.41","0.3388231","388.8","131.8","NaN","472.6","1","1","16.7","260.6","12.35","10.3","9.26","8.31","2.047"
"2017-04-25 17:05:00","27629","0","24.76","24.42","0.3399107","428.8","145.8","NaN","474.6","0","0","15.2","253.1","11.23","9.56","8.52","7.725","1.606"
"2017-04-25 17:06:00","27630","0","24.77","24.46","0.3405616","450.4","153.4","NaN","476.2","0","0","12.95","260","10.7","8.82","8.01","7.212","1.558"
"2017-04-25 17:07:00","27631","0","25.02","24.73","0.3409748","446.2","152.1","NaN","478","0","0","14.45","262.2","10.2","9.02","8.33","7.4","1.515"
"2017-04-25 17:08:00","27632","0","25.32","25.02","0.343459","444","152.5","NaN","478.7","26","8","18.95","263.3","11.92","9.99","9.12","8.16","3.358"
"2017-04-25 17:09:00","27633","0","25.38","25.08","0.3446513","451.3","155.5","NaN","477.3","0","0","15.95","261.1","11.49","9.52","8.71","7.887","1.587"
"2017-04-25 17:10:00","27634","0","25.29","24.93","0.3448982","455.8","157.2","NaN","477","1","1","18.2","263.7","12.51","10.66","9.65","8.7","2.397"
"2017-04-25 17:11:00","27635","0","24.96","24.62","0.3440149","444.9","153.1","NaN","475.3","0","0","16.7","262","12.64","10.4","9.4","8.36","1.933"
"2017-04-25 17:12:00","27636","0","24.9","24.54","0.3440576","444.1","152.8","NaN","474.9","0","0","15.95","262.3","12.99","10.98","10.04","8.95","1.842"
"2017-04-25 17:13:00","27637","0","24.68","24.33","0.3438349","442.5","152.2","NaN","474.4","0","0","15.2","262.5","11.9","10.01","9.05","8.08","1.604"
"2017-04-25 17:14:00","27638","0","24.76","24.4","0.3444979","438.6","151.1","NaN","474.7","0","0","15.95","260.9","11.15","9.21","8.34","7.55","2.019"
"2017-04-25 17:15:00","27639","0","24.78","24.41","0.3451388","438.3","151.3","NaN","474.6","0","0","15.2","260","10.98","9.02","8.19","7.575","1.995"
"2017-04-25 17:16:00","27640","0","24.85","24.5","0.345833","430.3","148.8","NaN","474.9","0","0","15.2","259.4","11.16","9.16","8.26","7.362","1.798"
"2017-04-25 17:17:00","27641","0","24.87","24.47","0.3475038","425.7","147.9","NaN","473.3","0","0","15.95","260.5","13.3","10.49","9.22","8.41","1.437"
"2017-04-25 17:18:00","27642","0","24.69","24.29","0.3476046","422.2","146.8","NaN","472.1","0","0","16.7","264.7","12.35","10.48","9.45","8.35","1.604"
"2017-04-25 17:19:00","27643","0","24.71","24.37","0.347764","417.2","145.1","NaN","472.6","0","0","15.95","260.7","11.37","9.36","8.51","7.625","1.966"
"2017-04-25 17:20:00","27644","0","24.83","24.49","0.3452202","363.6","125.9","NaN","472.3","1","1","15.95","254.8","12.34","10.16","8.94","8.08","1.743"
"2017-04-25 17:21:00","27645","0","24.93","24.63","0.3494592","411.4","143.8","NaN","473.2","0","0","12.2","260.1","9.22","7.875","6.937","6.175","1.458"
"2017-04-25 17:22:00","27646","0","24.99","24.62","0.3513193","411.7","144.6","NaN","472.4","0","0","15.95","252.9","12.35","10.19","9.2","8.4","1.503"
"2017-04-25 17:23:00","27647","0","24.9","24.55","0.3507268","416.9","146.2","NaN","472.9","0","0","13.7","252.9","10.67","9.16","8.36","7.775","1.28"
"2017-04-25 17:24:00","27648","0","24.77","24.43","0.3504312","421.7","147.8","NaN","473.7","0","0","13.7","261.5","9.87","8.17","7.387","6.562","1.677"
"2017-04-25 17:25:00","27649","0","25.02","24.7","0.351333","421","147.9","NaN","475","0","0","13.7","269.8","10.01","8.4","7.45","6.662","1.566"
"2017-04-25 17:26:00","27650","0","25.11","24.8","0.3519808","421.2","148.3","NaN","474.2","0","0","14.45","262.2","10.48","8.86","8.14","7.35","1.766"
"2017-04-25 17:27:00","27651","0","25.29","24.96","0.3538026","413.7","146.4","NaN","474.5","2","2","18.2","256.3","11.41","9.04","8.02","7.312","2.931"
"2017-04-25 17:28:00","27652","0","24.99","24.62","0.35478","403.5","143.2","NaN","471.2","3","3","18.2","257.7","11.36","9.54","8.47","7.562","2.737"
"2017-04-25 17:29:00","27653","0","25.28","24.97","0.356384","397.4","141.6","NaN","472.6","2","2","17.45","264","10.86","9.26","8.49","7.862","2.381"
"2017-04-25 17:30:00","27654","0","24.86","24.51","0.3569818","388.6","138.7","NaN","470.5","0","0","15.2","261.8","10.4","9.09","8.27","7.362","1.8"
"2017-04-25 17:31:00","27655","0","24.67","24.37","0.3567017","380.3","135.7","NaN","471","0","0","13.7","258.8","9.96","8.45","7.637","6.862","1.882"
"2017-04-25 17:32:00","27656","0","24.93","24.6","0.3587583","378.5","135.8","NaN","470.8","0","0","15.95","261.6","11.05","8.9","7.875","7.037","2.259"
"2017-04-25 17:33:00","27657","0","24.83","24.48","0.360157","375.2","135.1","NaN","468.3","0","0","17.45","265.9","13.15","10.94","9.76","8.64","2.019"
"2017-04-25 17:34:00","27658","0","24.76","24.43","0.3610396","371.4","134.1","NaN","467.5","0","0","15.95","265.7","12.87","10.59","9.7","8.7","1.665"
"2017-04-25 17:35:00","27659","0","24.83","24.52","0.3615114","366.5","132.5","NaN","467.4","0","0","15.95","260.5","12.85","10.7","9.84","8.77","1.41"
"2017-04-25 17:36:00","27660","0","24.77","24.46","0.3635979","367.4","133.6","NaN","466.5","0","0","17.45","256.6","13.51","11","9.77","9.01","1.673"
"2017-04-25 17:37:00","27661","0","24.59","24.25","0.3635823","361.8","131.5","NaN","465.3","0","0","17.45","258","13.42","11.07","9.97","9.01","1.751"
"2017-04-25 17:38:00","27662","0","24.49","24.21","0.3633932","358.6","130.3","NaN","465","0","0","16.7","259","11.65","9.62","8.69","7.7","2.489"
"2017-04-25 17:39:00","27663","0","24.39","24.1","0.3610634","317.5","114.7","NaN","464.7","0","0","14.45","263.8","11.26","9.7","8.85","7.9","1.553"
"2017-04-25 17:40:00","27664","0","24.35","24.1","0.3545243","224.2","79.51","NaN","462.7","0","0","12.95","255.3","9.46","7.862","7.187","6.525","1.655"
"2017-04-25 17:41:00","27665","0","24.43","24.2","0.3536751","176.7","62.49","NaN","459.8","0","0","15.2","259.1","10.44","8.51","7.775","6.987","2.606"
"2017-04-25 17:42:00","27666","0","24.39","24.21","0.3470231","138.7","48.16","NaN","457.3","0","0","15.2","261.8","10.2","8.49","7.662","6.812","1.782"
"2017-04-25 17:43:00","27667","0","24.27","24.09","0.3385562","100.5","34.04","NaN","453.5","0","0","16.7","264.1","12.64","10.55","9.59","8.49","1.861"
"2017-04-25 17:44:00","27668","0","24.23","24.1","0.3332278","93.6","31.19","NaN","452.3","0","0","14.45","256.3","10.37","8.99","8.15","7.512","1.58"
"2017-04-25 17:45:00","27669","0","24.28","24.16","0.3354446","103","34.57","NaN","451","2","1","15.95","260.8","12.31","10.3","9.37","8.36","1.756"
"2017-04-25 17:46:00","27670","0","24.27","24.13","0.3363008","112.6","37.87","NaN","451.1","0","0","14.45","255.7","10.64","8.74","7.962","6.937","1.615"
"2017-04-25 17:47:00","27671","0","24","23.81","0.3441207","140.6","48.42","NaN","449.9","0","0","15.95","248.9","11.41","9.39","8.39","7.712","2.052"
"2017-04-25 17:48:00","27672","0","23.9","23.74","0.3432087","179.9","61.83","NaN","452.2","0","0","12.2","253.5","9.09","7.537","6.812","6.237","1.592"
"2017-04-25 17:49:00","27673","0","23.97","23.82","0.3323833","156.7","52.09","NaN","452.4","0","0","12.95","258.1","9.19","7.587","6.762","6.025","1.715"
"2017-04-25 17:50:00","27674","0","24","23.84","0.331333","167","55.33","NaN","452.5","0","0","14.45","252.4","9.94","8.57","7.9","7.175","2.1"
"2017-04-25 17:51:00","27675","0","23.94","23.79","0.3267919","166.7","54.47","NaN","452.6","0","0","14.45","253","9.1","7.587","6.975","6.562","1.821"
"2017-04-25 17:52:00","27676","0","24.03","23.89","0.3277669","161.2","52.82","NaN","453.1","0","0","10.7","253","8.57","7.137","6.512","6.025","1.325"
"2017-04-25 17:53:00","27677","0","24.05","23.9","0.3315355","149.2","49.46","NaN","451.7","1","1","13.7","256.7","10.91","9.3","8.36","7.487","1.446"
"2017-04-25 17:54:00","27678","0","23.9","23.74","0.3338261","135.6","45.28","NaN","450.1","0","0","16.7","256.7","11.07","9.11","8.35","7.6","2.178"
"2017-04-25 17:55:00","27679","0","23.93","23.8","0.3376181","128.3","43.31","NaN","449.3","1","1","16.7","261.8","11.7","9.95","9.05","8.1","1.811"
"2017-04-25 17:56:00","27680","0","23.88","23.74","0.3385433","129.4","43.82","NaN","448.1","1","1","16.7","262.3","12.24","10.09","9.12","8.4","1.953"
"2017-04-25 17:57:00","27681","0","23.74","23.61","0.3370278","132.8","44.77","NaN","447.7","0","0","15.2","265.3","12.79","10.98","9.94","8.8","1.475"
"2017-04-25 17:58:00","27682","0","23.74","23.62","0.3368807","138","46.51","NaN","448.5","0","0","14.45","248.9","10.56","8.96","8.09","7.312","1.696"
"2017-04-25 17:59:00","27683","0","23.7","23.56","0.337021","144.3","48.64","NaN","448.2","0","0","13.7","258.1","11.17","9.26","8.22","7.4","1.639"
"2017-04-25 18:00:00","27684","0","23.71","23.58","0.3375751","151.4","51.13","NaN","449.1","0","0","12.95","256.7","9.74","8.25","7.45","6.612","1.518"
"2017-04-25 18:01:00","27685","0","23.69","23.56","0.3473906","171.2","59.52","NaN","449","0","0","17.45","247.8","12.94","10.94","9.84","8.96","1.669"
"2017-04-25 18:02:00","27686","0","23.73","23.6","0.3490627","176.6","61.66","NaN","449.4","0","0","13.7","256.2","10.87","9.11","8.14","7.437","1.475"
"2017-04-25 18:03:00","27687","0","23.76","23.61","0.344429","158.1","54.46","NaN","449","0","0","14.45","255.2","11.46","9.46","8.46","7.712","1.442"
"2017-04-25 18:04:00","27688","0","23.67","23.52","0.3447989","159.1","54.85","NaN","448.8","0","0","13.7","250.2","10.4","8.81","8","7.387","1.4"
"2017-04-25 18:05:00","27689","0","23.69","23.55","0.3520859","179.2","63.12","NaN","449.7","0","0","12.2","255.1","9.11","7.55","6.625","5.887","1.536"
"2017-04-25 18:06:00","27690","0","23.74","23.58","0.363153","213","77.41","NaN","450.6","0","0","12.2","251.6","9.9","8.16","7.362","6.7","1.278"
"2017-04-25 18:07:00","27691","0","23.81","23.65","0.3747777","253.6","95.1","NaN","451.7","0","0","13.7","244.1","11.12","9.54","8.49","7.8","1.668"
"2017-04-25 18:08:00","27692","0","24.01","23.86","0.380742","279.5","106.4","NaN","454.5","0","0","9.95","247.8","7.712","6.525","5.975","5.4","1.01"
"2017-04-25 18:09:00","27693","0","24.21","24.03","0.3806007","269.8","102.7","NaN","454.8","0","0","12.95","251","9.99","8.44","7.637","6.937","1.484"
"2017-04-25 18:10:00","27694","0","24.18","23.98","0.3724627","246.5","92","NaN","454.8","0","0","10.7","255.8","8.67","7.125","6.262","5.6","0.972"
"2017-04-25 18:11:00","27695","0","24.06","23.84","0.3405015","155.3","52.91","NaN","451.5","0","0","15.2","256.1","11.77","9.74","8.65","7.712","1.655"
"2017-04-25 18:12:00","27696","0","23.83","23.64","0.3380815","140.5","47.51","NaN","449.4","0","0","13.7","252.3","10.6","8.8","7.9","7.35","1.393"
"2017-04-25 18:13:00","27697","0","23.67","23.49","0.3492848","139.4","48.7","NaN","448","0","0","13.7","251.2","10.46","8.62","7.625","6.912","1.75"
"2017-04-25 18:14:00","27698","0","23.63","23.49","0.3534263","127.7","45.16","NaN","446.8","0","0","12.2","242.5","9.34","8.34","7.587","6.975","1.312"
"2017-04-25 18:15:00","27699","0","23.66","23.54","0.3576431","110.1","39.35","NaN","445.4","0","0","13.7","248.4","10.27","8.94","8.2","7.537","1.467"
"2017-04-25 18:16:00","27700","0","23.68","23.58","0.3698773","108.8","40.24","NaN","444.7","0","0","12.2","252.2","9.49","8.09","7.337","6.625","1.406"
"2017-04-25 18:17:00","27701","0","23.73","23.62","0.3774396","107.7","40.66","NaN","444.1","0","0","10.7","248.6","7.825","6.587","5.775","5.175","1.082"
"2017-04-25 18:18:00","27702","0","23.68","23.58","0.3793844","110","41.72","NaN","443.5","0","0","11.45","254.3","8.52","7.275","6.6","5.937","1.483"
"2017-04-25 18:19:00","27703","0","23.67","23.57","0.3850214","134","51.59","NaN","443.8","0","0","13.7","259.4","8.95","7.775","7.012","6.275","1.541"
"2017-04-25 18:20:00","27704","0","23.6","23.49","0.4061114","223.5","91","NaN","445.1","0","0","15.2","251.4","11.5","9.79","8.77","7.925","2.139"
"2017-04-25 18:21:00","27705","0","23.64","23.51","0.4053812","271.7","110.2","NaN","447.5","0","0","16.7","251.6","12.05","10.4","9.26","8.33","1.913"
"2017-04-25 18:22:00","27706","0","23.67","23.53","0.3774018","202","76.31","NaN","447.3","0","0","15.95","255.3","11.86","10.04","9","8.19","2.352"
"2017-04-25 18:23:00","27707","0","23.64","23.49","0.3675179","175.1","64.34","NaN","446.5","0","0","13.7","261.2","10.37","8.35","7.612","6.862","1.751"
"2017-04-25 18:24:00","27708","0","23.58","23.43","0.3749847","179.4","67.33","NaN","445.7","0","0","15.2","266.3","10.94","9.29","8.34","7.287","1.644"
"2017-04-25 18:25:00","27709","0","23.52","23.37","0.3757555","175.6","66.01","NaN","445.8","0","0","12.2","264.7","9.66","7.887","6.962","6.175","1.612"
"2017-04-25 18:26:00","27710","0","23.58","23.45","0.3853849","176.8","68.16","NaN","445.8","0","0","11.45","263.9","8.42","7.3","6.65","5.925","1.4"
"2017-04-25 18:27:00","27711","0","23.69","23.56","0.4052354","199.9","81.1","NaN","446.5","0","0","14.45","265.3","8.47","6.975","6.287","5.775","1.688"
"2017-04-25 18:28:00","27712","0","23.58","23.41","0.415021","208.9","86.7","NaN","445.8","0","0","15.2","264.1","11.09","9.17","8.55","7.712","1.705"
"2017-04-25 18:29:00","27713","0","23.58","23.42","0.4214872","207.6","87.5","NaN","445.6","0","0","14.45","262","11.19","9.12","8.11","7.2","1.253"
"2017-04-25 18:30:00","27714","0","23.48","23.3","0.3884472","135.7","53.07","NaN","443.6","0","0","15.2","255","12.45","10.26","9.09","8.24","1.489"
"2017-04-25 18:31:00","27715","0","23.34","23.2","0.3638272","94.9","34.6","NaN","441.4","0","0","14.45","266","10.4","8.89","7.912","7.087","1.527"
"2017-04-25 18:32:00","27716","0","23.24","23.13","0.3556684","80.7","28.72","NaN","439.6","0","0","14.45","263.3","10.09","8.3","7.55","6.75","1.542"
